[
  {
    "id": 1,
    "topic": "remainders",
    "q": "Find the smallest n such that n ≡ 2 (mod 3) and n ≡ 2 (mod 4).",
    "options": [
      "2",
      "6",
      "8",
      "14"
    ],
    "answer": 0,
    "explain": "Same remainder ⇒ n ≡ 2 (mod lcm(3,4)) ⇒ n ≡ 2 (mod 12). Smallest is 2."
  },
  {
    "id": 2,
    "topic": "combinatorics",
    "q": "How many shortest paths from (0,0) to (4,3), moving only right/up?",
    "options": [
      "28",
      "32",
      "35",
      "56"
    ],
    "answer": 2,
    "explain": "Choose 3 up-steps among 7 total: C(7,3)=35."
  },
  {
    "id": 3,
    "topic": "geometry",
    "q": "Interior angle of a regular 12-gon?",
    "options": [
      "120°",
      "135°",
      "150°",
      "165°"
    ],
    "answer": 2,
    "explain": "((n-2)*180)/n = 10*180/12 = 150°."
  },
  {
    "id": 4,
    "topic": "geometry",
    "q": "Area of a rhombus with diagonals 10 and 24?",
    "options": [
      "100",
      "110",
      "115",
      "120"
    ],
    "answer": 3,
    "explain": "A = d1*d2/2 = 10*24/2 = 120."
  }
]
